,num_txes,block,datetime,date,datehour
0,0,2758772,11/18/22 18:04:42,2022-11-18 18:04:42,18
2,0,2758774,11/18/22 18:07:35,2022-11-18 18:07:35,18
16,0,2758788,11/18/22 18:33:32,2022-11-18 18:33:32,18
27,0,2758799,11/18/22 18:54:41,2022-11-18 18:54:41,18
62,0,2758834,11/18/22 20:08:17,2022-11-18 20:08:17,20
78,0,2758850,11/18/22 20:34:24,2022-11-18 20:34:24,20
88,0,2758860,11/18/22 21:09:18,2022-11-18 21:09:18,21
96,0,2758868,11/18/22 21:21:01,2022-11-18 21:21:01,21
105,0,2758877,11/18/22 21:35:30,2022-11-18 21:35:30,21
109,0,2758881,11/18/22 21:43:17,2022-11-18 21:43:17,21
123,0,2758895,11/18/22 22:25:56,2022-11-18 22:25:56,22
140,0,2758912,11/18/22 22:58:36,2022-11-18 22:58:36,22
197,0,2758969,11/19/22 01:23:45,2022-11-19 01:23:45,1
203,0,2758975,11/19/22 01:28:25,2022-11-19 01:28:25,1
243,0,2759015,11/19/22 02:44:33,2022-11-19 02:44:33,2
275,0,2759047,11/19/22 03:53:51,2022-11-19 03:53:51,3
276,0,2759048,11/19/22 03:53:53,2022-11-19 03:53:53,3
301,0,2759073,11/19/22 04:36:43,2022-11-19 04:36:43,4
323,0,2759095,11/19/22 05:08:40,2022-11-19 05:08:40,5
335,0,2759107,11/19/22 05:37:44,2022-11-19 05:37:44,5
364,0,2759136,11/19/22 06:16:37,2022-11-19 06:16:37,6
374,0,2759146,11/19/22 06:29:45,2022-11-19 06:29:45,6
382,0,2759154,11/19/22 06:55:51,2022-11-19 06:55:51,6
384,0,2759156,11/19/22 06:56:23,2022-11-19 06:56:23,6
390,0,2759162,11/19/22 07:06:10,2022-11-19 07:06:10,7
397,0,2759169,11/19/22 07:30:01,2022-11-19 07:30:01,7
491,0,2759263,11/19/22 10:01:28,2022-11-19 10:01:28,10
534,0,2759306,11/19/22 11:29:29,2022-11-19 11:29:29,11
539,0,2759311,11/19/22 11:38:47,2022-11-19 11:38:47,11
546,0,2759318,11/19/22 11:48:00,2022-11-19 11:48:00,11
569,0,2759341,11/19/22 12:41:30,2022-11-19 12:41:30,12
609,0,2759381,11/19/22 14:04:28,2022-11-19 14:04:28,14
612,0,2759384,11/19/22 14:06:43,2022-11-19 14:06:43,14
615,0,2759387,11/19/22 14:13:29,2022-11-19 14:13:29,14
616,0,2759388,11/19/22 14:13:31,2022-11-19 14:13:31,14
662,0,2759434,11/19/22 15:23:17,2022-11-19 15:23:17,15
663,0,2759435,11/19/22 15:23:21,2022-11-19 15:23:21,15
679,0,2759451,11/19/22 15:57:50,2022-11-19 15:57:50,15
697,0,2759469,11/19/22 16:45:01,2022-11-19 16:45:01,16
701,0,2759473,11/19/22 16:50:38,2022-11-19 16:50:38,16
716,0,2759488,11/19/22 17:14:52,2022-11-19 17:14:52,17
718,0,2759490,11/19/22 17:15:42,2022-11-19 17:15:42,17
722,0,2759494,11/19/22 17:21:50,2022-11-19 17:21:50,17
728,0,2759500,11/19/22 17:36:27,2022-11-19 17:36:27,17
737,0,2759509,11/19/22 17:49:47,2022-11-19 17:49:47,17
762,0,2759534,11/19/22 18:32:40,2022-11-19 18:32:40,18
768,0,2759540,11/19/22 18:39:59,2022-11-19 18:39:59,18
813,0,2759585,11/19/22 20:09:37,2022-11-19 20:09:37,20
816,0,2759588,11/19/22 20:10:59,2022-11-19 20:10:59,20
823,0,2759595,11/19/22 20:26:04,2022-11-19 20:26:04,20
836,0,2759608,11/19/22 20:40:36,2022-11-19 20:40:36,20
847,0,2759619,11/19/22 21:11:36,2022-11-19 21:11:36,21
851,0,2759623,11/19/22 21:31:49,2022-11-19 21:31:49,21
870,0,2759642,11/19/22 22:18:59,2022-11-19 22:18:59,22
884,0,2759656,11/19/22 22:37:21,2022-11-19 22:37:21,22
890,0,2759662,11/19/22 22:47:54,2022-11-19 22:47:54,22
894,0,2759666,11/19/22 22:58:57,2022-11-19 22:58:57,22
900,0,2759672,11/19/22 23:08:52,2022-11-19 23:08:52,23
913,0,2759685,11/19/22 23:39:30,2022-11-19 23:39:30,23
928,0,2759700,11/20/22 00:19:51,2022-11-20 00:19:51,0
943,0,2759715,11/20/22 01:07:30,2022-11-20 01:07:30,1
945,0,2759717,11/20/22 01:10:56,2022-11-20 01:10:56,1
970,0,2759742,11/20/22 02:02:30,2022-11-20 02:02:30,2
999,0,2759771,11/20/22 02:41:09,2022-11-20 02:41:09,2
1001,0,2759773,11/20/22 02:42:21,2022-11-20 02:42:21,2
1005,0,2759777,11/20/22 02:43:58,2022-11-20 02:43:58,2
1012,0,2759784,11/20/22 03:02:58,2022-11-20 03:02:58,3
1013,0,2759785,11/20/22 03:03:03,2022-11-20 03:03:03,3
1020,0,2759792,11/20/22 03:23:45,2022-11-20 03:23:45,3
1058,0,2759830,11/20/22 05:07:59,2022-11-20 05:07:59,5
1063,0,2759835,11/20/22 05:17:52,2022-11-20 05:17:52,5
1065,0,2759837,11/20/22 05:21:51,2022-11-20 05:21:51,5
1070,0,2759842,11/20/22 05:25:54,2022-11-20 05:25:54,5
1113,0,2759885,11/20/22 07:10:53,2022-11-20 07:10:53,7
1114,0,2759886,11/20/22 07:11:06,2022-11-20 07:11:06,7
1149,0,2759921,11/20/22 08:04:14,2022-11-20 08:04:14,8
1175,0,2759947,11/20/22 08:47:28,2022-11-20 08:47:28,8
1177,0,2759949,11/20/22 08:48:33,2022-11-20 08:48:33,8
1263,0,2760035,11/20/22 12:15:31,2022-11-20 12:15:31,12
1276,0,2760048,11/20/22 12:43:29,2022-11-20 12:43:29,12
1304,0,2760076,11/20/22 13:42:05,2022-11-20 13:42:05,13
1320,0,2760092,11/20/22 14:19:11,2022-11-20 14:19:11,14
1346,0,2760118,11/20/22 14:53:26,2022-11-20 14:53:26,14
1362,0,2760134,11/20/22 15:33:29,2022-11-20 15:33:29,15
1411,0,2760183,11/20/22 17:26:44,2022-11-20 17:26:44,17
1424,0,2760196,11/20/22 17:48:23,2022-11-20 17:48:23,17
1430,0,2760202,11/20/22 17:52:38,2022-11-20 17:52:38,17
1431,0,2760203,11/20/22 17:52:44,2022-11-20 17:52:44,17
1438,0,2760210,11/20/22 18:05:04,2022-11-20 18:05:04,18
1449,0,2760221,11/20/22 18:18:42,2022-11-20 18:18:42,18
1458,0,2760230,11/20/22 18:34:53,2022-11-20 18:34:53,18
1461,0,2760233,11/20/22 18:38:54,2022-11-20 18:38:54,18
1500,0,2760272,11/20/22 19:59:01,2022-11-20 19:59:01,19
1519,0,2760291,11/20/22 20:41:42,2022-11-20 20:41:42,20
1521,0,2760293,11/20/22 20:43:36,2022-11-20 20:43:36,20
1547,0,2760319,11/20/22 21:36:29,2022-11-20 21:36:29,21
1557,0,2760329,11/20/22 21:55:54,2022-11-20 21:55:54,21
1562,0,2760334,11/20/22 22:09:51,2022-11-20 22:09:51,22
1577,0,2760349,11/20/22 22:37:13,2022-11-20 22:37:13,22
1581,0,2760353,11/20/22 22:42:09,2022-11-20 22:42:09,22
1585,0,2760357,11/20/22 22:49:59,2022-11-20 22:49:59,22
1592,0,2760364,11/20/22 23:04:44,2022-11-20 23:04:44,23
1596,0,2760368,11/20/22 23:11:08,2022-11-20 23:11:08,23
1613,0,2760385,11/20/22 23:31:50,2022-11-20 23:31:50,23
1615,0,2760387,11/20/22 23:35:38,2022-11-20 23:35:38,23
1628,0,2760400,11/20/22 23:57:31,2022-11-20 23:57:31,23
1634,0,2760406,11/21/22 00:03:29,2022-11-21 00:03:29,0
1642,0,2760414,11/21/22 00:19:33,2022-11-21 00:19:33,0
1654,0,2760426,11/21/22 00:36:49,2022-11-21 00:36:49,0
1667,0,2760439,11/21/22 01:01:53,2022-11-21 01:01:53,1
1684,0,2760456,11/21/22 01:32:11,2022-11-21 01:32:11,1
1701,0,2760473,11/21/22 01:52:20,2022-11-21 01:52:20,1
1721,0,2760493,11/21/22 02:38:20,2022-11-21 02:38:20,2
1746,0,2760518,11/21/22 03:32:33,2022-11-21 03:32:33,3
1750,0,2760522,11/21/22 03:40:24,2022-11-21 03:40:24,3
1762,0,2760534,11/21/22 04:01:47,2022-11-21 04:01:47,4
1770,0,2760542,11/21/22 04:06:37,2022-11-21 04:06:37,4
1772,0,2760544,11/21/22 04:08:00,2022-11-21 04:08:00,4
1799,0,2760571,11/21/22 04:55:51,2022-11-21 04:55:51,4
1842,0,2760614,11/21/22 06:22:41,2022-11-21 06:22:41,6
1868,0,2760640,11/21/22 07:09:36,2022-11-21 07:09:36,7
1886,0,2760658,11/21/22 07:47:20,2022-11-21 07:47:20,7
1895,0,2760667,11/21/22 08:05:04,2022-11-21 08:05:04,8
1942,0,2760714,11/21/22 09:29:10,2022-11-21 09:29:10,9
1943,0,2760715,11/21/22 09:29:14,2022-11-21 09:29:14,9
1949,0,2760721,11/21/22 09:42:01,2022-11-21 09:42:01,9
1973,0,2760745,11/21/22 10:16:18,2022-11-21 10:16:18,10
2079,0,2760851,11/21/22 13:32:00,2022-11-21 13:32:00,13
2125,0,2760897,11/21/22 14:57:47,2022-11-21 14:57:47,14
2153,0,2760925,11/21/22 15:46:09,2022-11-21 15:46:09,15
2174,0,2760946,11/21/22 16:26:06,2022-11-21 16:26:06,16
2202,0,2760974,11/21/22 17:20:39,2022-11-21 17:20:39,17
2222,0,2760994,11/21/22 17:58:28,2022-11-21 17:58:28,17
2242,0,2761014,11/21/22 18:42:52,2022-11-21 18:42:52,18
2285,0,2761057,11/21/22 20:13:53,2022-11-21 20:13:53,20
2291,0,2761063,11/21/22 20:21:05,2022-11-21 20:21:05,20
2450,0,2761222,11/22/22 03:50:28,2022-11-22 03:50:28,3
2503,0,2761275,11/22/22 05:28:27,2022-11-22 05:28:27,5
2509,0,2761281,11/22/22 05:39:34,2022-11-22 05:39:34,5
2544,0,2761316,11/22/22 06:49:49,2022-11-22 06:49:49,6
2561,0,2761333,11/22/22 07:09:39,2022-11-22 07:09:39,7
2571,0,2761343,11/22/22 07:31:45,2022-11-22 07:31:45,7
2582,0,2761354,11/22/22 07:57:57,2022-11-22 07:57:57,7
2605,0,2761377,11/22/22 08:35:09,2022-11-22 08:35:09,8
2616,0,2761388,11/22/22 08:56:50,2022-11-22 08:56:50,8
2655,0,2761427,11/22/22 10:29:57,2022-11-22 10:29:57,10
2713,0,2761485,11/22/22 12:31:07,2022-11-22 12:31:07,12
2760,0,2761532,11/22/22 14:17:41,2022-11-22 14:17:41,14
2848,0,2761620,11/22/22 16:56:41,2022-11-22 16:56:41,16
2856,0,2761628,11/22/22 17:13:59,2022-11-22 17:13:59,17
2864,0,2761636,11/22/22 17:31:14,2022-11-22 17:31:14,17
2902,0,2761674,11/22/22 19:04:17,2022-11-22 19:04:17,19
2921,0,2761693,11/22/22 19:38:22,2022-11-22 19:38:22,19
2967,0,2761739,11/22/22 21:16:20,2022-11-22 21:16:20,21
2980,0,2761752,11/22/22 21:44:17,2022-11-22 21:44:17,21
2982,0,2761754,11/22/22 21:44:37,2022-11-22 21:44:37,21
2992,0,2761764,11/22/22 21:56:13,2022-11-22 21:56:13,21
3090,0,2761862,11/23/22 00:41:55,2022-11-23 00:41:55,0
3116,0,2761888,11/23/22 01:39:40,2022-11-23 01:39:40,1
3120,0,2761892,11/23/22 01:53:57,2022-11-23 01:53:57,1
3122,0,2761894,11/23/22 01:56:32,2022-11-23 01:56:32,1
3126,0,2761898,11/23/22 02:02:59,2022-11-23 02:02:59,2
3127,0,2761899,11/23/22 02:05:24,2022-11-23 02:05:24,2
3139,0,2761911,11/23/22 02:29:53,2022-11-23 02:29:53,2
3148,0,2761920,11/23/22 02:45:44,2022-11-23 02:45:44,2
3221,0,2761993,11/23/22 05:09:21,2022-11-23 05:09:21,5
3232,0,2762004,11/23/22 05:26:08,2022-11-23 05:26:08,5
3245,0,2762017,11/23/22 05:49:18,2022-11-23 05:49:18,5
3257,0,2762029,11/23/22 06:05:42,2022-11-23 06:05:42,6
3283,0,2762055,11/23/22 06:49:22,2022-11-23 06:49:22,6
3307,0,2762079,11/23/22 07:53:27,2022-11-23 07:53:27,7
3333,0,2762105,11/23/22 08:51:28,2022-11-23 08:51:28,8
3354,0,2762126,11/23/22 09:09:37,2022-11-23 09:09:37,9
3357,0,2762129,11/23/22 09:14:06,2022-11-23 09:14:06,9
3367,0,2762139,11/23/22 09:31:32,2022-11-23 09:31:32,9
3369,0,2762141,11/23/22 09:32:07,2022-11-23 09:32:07,9
3379,0,2762151,11/23/22 09:45:18,2022-11-23 09:45:18,9
3413,0,2762185,11/23/22 10:52:19,2022-11-23 10:52:19,10
3420,0,2762192,11/23/22 11:07:53,2022-11-23 11:07:53,11
3453,0,2762225,11/23/22 12:14:49,2022-11-23 12:14:49,12
3454,0,2762226,11/23/22 12:14:54,2022-11-23 12:14:54,12
3516,0,2762288,11/23/22 14:31:25,2022-11-23 14:31:25,14
3527,0,2762299,11/23/22 14:49:29,2022-11-23 14:49:29,14
3567,0,2762339,11/23/22 16:15:48,2022-11-23 16:15:48,16
3568,0,2762340,11/23/22 16:15:52,2022-11-23 16:15:52,16
3609,0,2762381,11/23/22 18:00:45,2022-11-23 18:00:45,18
3639,0,2762411,11/23/22 19:18:05,2022-11-23 19:18:05,19
3653,0,2762425,11/23/22 19:44:48,2022-11-23 19:44:48,19
3655,0,2762427,11/23/22 19:45:10,2022-11-23 19:45:10,19
3692,0,2762464,11/23/22 21:27:34,2022-11-23 21:27:34,21
3695,0,2762467,11/23/22 21:31:15,2022-11-23 21:31:15,21
3724,0,2762496,11/23/22 22:40:32,2022-11-23 22:40:32,22
3730,0,2762502,11/23/22 22:48:53,2022-11-23 22:48:53,22
3743,0,2762515,11/23/22 23:23:16,2022-11-23 23:23:16,23
3768,0,2762540,11/24/22 00:01:08,2022-11-24 00:01:08,0
3790,0,2762562,11/24/22 00:42:55,2022-11-24 00:42:55,0
3798,0,2762570,11/24/22 00:55:50,2022-11-24 00:55:50,0
3808,0,2762580,11/24/22 01:10:45,2022-11-24 01:10:45,1
3812,0,2762584,11/24/22 01:15:16,2022-11-24 01:15:16,1
3828,0,2762600,11/24/22 01:54:33,2022-11-24 01:54:33,1
3868,0,2762640,11/24/22 03:28:30,2022-11-24 03:28:30,3
3880,0,2762652,11/24/22 03:39:49,2022-11-24 03:39:49,3
3892,0,2762664,11/24/22 03:53:00,2022-11-24 03:53:00,3
3896,0,2762668,11/24/22 03:59:12,2022-11-24 03:59:12,3
3913,0,2762685,11/24/22 04:40:23,2022-11-24 04:40:23,4
3919,0,2762691,11/24/22 04:50:48,2022-11-24 04:50:48,4
3942,0,2762714,11/24/22 05:38:26,2022-11-24 05:38:26,5
3960,0,2762732,11/24/22 06:00:54,2022-11-24 06:00:54,6
3966,0,2762738,11/24/22 06:10:07,2022-11-24 06:10:07,6
4001,0,2762773,11/24/22 07:17:45,2022-11-24 07:17:45,7
4004,0,2762776,11/24/22 07:26:36,2022-11-24 07:26:36,7
4015,0,2762787,11/24/22 07:51:31,2022-11-24 07:51:31,7
4053,0,2762825,11/24/22 09:07:05,2022-11-24 09:07:05,9
4076,0,2762848,11/24/22 09:49:41,2022-11-24 09:49:41,9
4095,0,2762867,11/24/22 10:38:38,2022-11-24 10:38:38,10
4149,0,2762921,11/24/22 12:32:30,2022-11-24 12:32:30,12
4156,0,2762928,11/24/22 12:40:48,2022-11-24 12:40:48,12
4164,0,2762936,11/24/22 12:55:31,2022-11-24 12:55:31,12
4169,0,2762941,11/24/22 13:02:28,2022-11-24 13:02:28,13
4205,0,2762977,11/24/22 14:01:16,2022-11-24 14:01:16,14
4207,0,2762979,11/24/22 14:01:58,2022-11-24 14:01:58,14
4211,0,2762983,11/24/22 14:07:46,2022-11-24 14:07:46,14
4215,0,2762987,11/24/22 14:16:10,2022-11-24 14:16:10,14
4222,0,2762994,11/24/22 14:29:01,2022-11-24 14:29:01,14
4247,0,2763019,11/24/22 15:16:42,2022-11-24 15:16:42,15
4255,0,2763027,11/24/22 15:28:02,2022-11-24 15:28:02,15
4333,0,2763105,11/24/22 17:59:43,2022-11-24 17:59:43,17
4351,0,2763123,11/24/22 18:38:01,2022-11-24 18:38:01,18
4366,0,2763138,11/24/22 19:21:39,2022-11-24 19:21:39,19
4376,0,2763148,11/24/22 19:49:52,2022-11-24 19:49:52,19
4386,0,2763158,11/24/22 20:09:20,2022-11-24 20:09:20,20
4399,0,2763171,11/24/22 21:00:52,2022-11-24 21:00:52,21
4405,0,2763177,11/24/22 21:11:26,2022-11-24 21:11:26,21
4411,0,2763183,11/24/22 21:24:18,2022-11-24 21:24:18,21
4420,0,2763192,11/24/22 21:37:13,2022-11-24 21:37:13,21
4428,0,2763200,11/24/22 21:52:08,2022-11-24 21:52:08,21
4439,0,2763211,11/24/22 22:07:35,2022-11-24 22:07:35,22
4471,0,2763243,11/24/22 22:53:56,2022-11-24 22:53:56,22
4484,0,2763256,11/24/22 23:20:28,2022-11-24 23:20:28,23
4488,0,2763260,11/24/22 23:31:22,2022-11-24 23:31:22,23
4493,0,2763265,11/24/22 23:39:03,2022-11-24 23:39:03,23
4502,0,2763274,11/25/22 00:00:04,2022-11-25 00:00:04,0
4507,0,2763279,11/25/22 00:08:30,2022-11-25 00:08:30,0
4510,0,2763282,11/25/22 00:10:58,2022-11-25 00:10:58,0
4542,0,2763314,11/25/22 01:30:28,2022-11-25 01:30:28,1
4551,0,2763323,11/25/22 01:56:09,2022-11-25 01:56:09,1
4569,0,2763341,11/25/22 02:26:34,2022-11-25 02:26:34,2
4576,0,2763348,11/25/22 02:37:56,2022-11-25 02:37:56,2
4594,0,2763366,11/25/22 03:09:31,2022-11-25 03:09:31,3
4613,0,2763385,11/25/22 03:44:23,2022-11-25 03:44:23,3
4627,0,2763399,11/25/22 04:14:48,2022-11-25 04:14:48,4
4649,0,2763421,11/25/22 04:50:08,2022-11-25 04:50:08,4
4655,0,2763427,11/25/22 05:02:19,2022-11-25 05:02:19,5
4671,0,2763443,11/25/22 05:41:50,2022-11-25 05:41:50,5
4679,0,2763451,11/25/22 05:51:09,2022-11-25 05:51:09,5
4681,0,2763453,11/25/22 05:55:49,2022-11-25 05:55:49,5
4687,0,2763459,11/25/22 06:08:52,2022-11-25 06:08:52,6
4688,0,2763460,11/25/22 06:09:04,2022-11-25 06:09:04,6
4708,0,2763480,11/25/22 06:46:34,2022-11-25 06:46:34,6
4728,0,2763500,11/25/22 07:18:54,2022-11-25 07:18:54,7
4738,0,2763510,11/25/22 07:29:13,2022-11-25 07:29:13,7
4743,0,2763515,11/25/22 07:45:31,2022-11-25 07:45:31,7
4745,0,2763517,11/25/22 07:48:00,2022-11-25 07:48:00,7
4771,0,2763543,11/25/22 08:37:42,2022-11-25 08:37:42,8
4789,0,2763561,11/25/22 09:14:01,2022-11-25 09:14:01,9
4819,0,2763591,11/25/22 10:08:59,2022-11-25 10:08:59,10
4837,0,2763609,11/25/22 10:41:51,2022-11-25 10:41:51,10
4844,0,2763616,11/25/22 10:56:03,2022-11-25 10:56:03,10
4850,0,2763622,11/25/22 11:11:25,2022-11-25 11:11:25,11
4858,0,2763630,11/25/22 11:23:03,2022-11-25 11:23:03,11
4878,0,2763650,11/25/22 11:53:08,2022-11-25 11:53:08,11
4880,0,2763652,11/25/22 11:55:00,2022-11-25 11:55:00,11
4891,0,2763663,11/25/22 12:19:53,2022-11-25 12:19:53,12
4904,0,2763676,11/25/22 12:47:02,2022-11-25 12:47:02,12
4916,0,2763688,11/25/22 13:10:38,2022-11-25 13:10:38,13
4952,0,2763724,11/25/22 14:21:02,2022-11-25 14:21:02,14
4982,0,2763754,11/25/22 15:37:54,2022-11-25 15:37:54,15
5031,0,2763803,11/25/22 17:07:35,2022-11-25 17:07:35,17
5044,0,2763816,11/25/22 17:48:18,2022-11-25 17:48:18,17
5059,0,2763831,11/25/22 18:14:16,2022-11-25 18:14:16,18
5065,0,2763837,11/25/22 18:21:49,2022-11-25 18:21:49,18
5132,0,2763904,11/25/22 20:36:29,2022-11-25 20:36:29,20
5152,0,2763924,11/25/22 21:08:10,2022-11-25 21:08:10,21
5170,0,2763942,11/25/22 21:39:47,2022-11-25 21:39:47,21
5206,0,2763978,11/25/22 22:39:17,2022-11-25 22:39:17,22
5207,0,2763979,11/25/22 22:39:21,2022-11-25 22:39:21,22
5212,0,2763984,11/25/22 22:46:56,2022-11-25 22:46:56,22
5218,0,2763990,11/25/22 22:56:02,2022-11-25 22:56:02,22
5235,0,2764007,11/25/22 23:38:42,2022-11-25 23:38:42,23
5255,0,2764027,11/26/22 00:35:46,2022-11-26 00:35:46,0
5259,0,2764031,11/26/22 00:41:23,2022-11-26 00:41:23,0
5286,0,2764058,11/26/22 01:31:30,2022-11-26 01:31:30,1
5298,0,2764070,11/26/22 02:01:39,2022-11-26 02:01:39,2
5316,0,2764088,11/26/22 02:32:41,2022-11-26 02:32:41,2
5318,0,2764090,11/26/22 02:34:11,2022-11-26 02:34:11,2
5321,0,2764093,11/26/22 02:36:58,2022-11-26 02:36:58,2
5325,0,2764097,11/26/22 02:49:08,2022-11-26 02:49:08,2
5337,0,2764109,11/26/22 03:11:41,2022-11-26 03:11:41,3
5343,0,2764115,11/26/22 03:21:56,2022-11-26 03:21:56,3
5351,0,2764123,11/26/22 03:28:40,2022-11-26 03:28:40,3
5361,0,2764133,11/26/22 03:47:08,2022-11-26 03:47:08,3
5390,0,2764162,11/26/22 04:45:21,2022-11-26 04:45:21,4
5401,0,2764173,11/26/22 05:05:54,2022-11-26 05:05:54,5
5418,0,2764190,11/26/22 05:32:52,2022-11-26 05:32:52,5
5428,0,2764200,11/26/22 05:55:06,2022-11-26 05:55:06,5
5443,0,2764215,11/26/22 06:17:22,2022-11-26 06:17:22,6
5459,0,2764231,11/26/22 06:57:37,2022-11-26 06:57:37,6
5464,0,2764236,11/26/22 07:06:12,2022-11-26 07:06:12,7
5502,0,2764274,11/26/22 08:12:31,2022-11-26 08:12:31,8
5516,0,2764288,11/26/22 08:38:43,2022-11-26 08:38:43,8
5558,0,2764330,11/26/22 10:05:14,2022-11-26 10:05:14,10
5560,0,2764332,11/26/22 10:06:23,2022-11-26 10:06:23,10
5575,0,2764347,11/26/22 10:27:22,2022-11-26 10:27:22,10
5587,0,2764359,11/26/22 10:55:58,2022-11-26 10:55:58,10
5602,0,2764374,11/26/22 11:33:42,2022-11-26 11:33:42,11
5616,0,2764388,11/26/22 11:59:51,2022-11-26 11:59:51,11
5634,0,2764406,11/26/22 12:42:51,2022-11-26 12:42:51,12
5642,0,2764414,11/26/22 13:07:24,2022-11-26 13:07:24,13
5649,0,2764421,11/26/22 13:29:48,2022-11-26 13:29:48,13
5663,0,2764435,11/26/22 13:55:55,2022-11-26 13:55:55,13
5674,0,2764446,11/26/22 14:17:43,2022-11-26 14:17:43,14
5699,0,2764471,11/26/22 15:10:07,2022-11-26 15:10:07,15
5702,0,2764474,11/26/22 15:14:08,2022-11-26 15:14:08,15
5727,0,2764499,11/26/22 16:21:46,2022-11-26 16:21:46,16
5740,0,2764512,11/26/22 16:42:09,2022-11-26 16:42:09,16
5785,0,2764557,11/26/22 17:55:20,2022-11-26 17:55:20,17
5794,0,2764566,11/26/22 18:08:33,2022-11-26 18:08:33,18
5797,0,2764569,11/26/22 18:10:24,2022-11-26 18:10:24,18
5824,0,2764596,11/26/22 19:15:57,2022-11-26 19:15:57,19
5825,0,2764597,11/26/22 19:16:07,2022-11-26 19:16:07,19
5837,0,2764609,11/26/22 19:31:44,2022-11-26 19:31:44,19
5839,0,2764611,11/26/22 19:33:32,2022-11-26 19:33:32,19
5841,0,2764613,11/26/22 19:34:28,2022-11-26 19:34:28,19
5852,0,2764624,11/26/22 19:50:09,2022-11-26 19:50:09,19
5856,0,2764628,11/26/22 19:56:39,2022-11-26 19:56:39,19
5862,0,2764634,11/26/22 20:07:22,2022-11-26 20:07:22,20
5863,0,2764635,11/26/22 20:07:24,2022-11-26 20:07:24,20
5873,0,2764645,11/26/22 20:32:57,2022-11-26 20:32:57,20
5874,0,2764646,11/26/22 20:33:00,2022-11-26 20:33:00,20
5879,0,2764651,11/26/22 20:45:44,2022-11-26 20:45:44,20
5884,0,2764656,11/26/22 20:57:54,2022-11-26 20:57:54,20
5885,0,2764657,11/26/22 20:58:00,2022-11-26 20:58:00,20
5889,0,2764661,11/26/22 21:08:03,2022-11-26 21:08:03,21
5904,0,2764676,11/26/22 21:39:16,2022-11-26 21:39:16,21
5906,0,2764678,11/26/22 21:48:59,2022-11-26 21:48:59,21
5911,0,2764683,11/26/22 21:53:18,2022-11-26 21:53:18,21
5914,0,2764686,11/26/22 21:57:15,2022-11-26 21:57:15,21
5916,0,2764688,11/26/22 21:57:37,2022-11-26 21:57:37,21
5975,0,2764747,11/27/22 00:12:11,2022-11-27 00:12:11,0
5988,0,2764760,11/27/22 00:43:29,2022-11-27 00:43:29,0
5999,0,2764771,11/27/22 01:01:00,2022-11-27 01:01:00,1
6002,0,2764774,11/27/22 01:04:08,2022-11-27 01:04:08,1
6003,0,2764775,11/27/22 01:04:23,2022-11-27 01:04:23,1
6023,0,2764795,11/27/22 01:51:09,2022-11-27 01:51:09,1
6031,0,2764803,11/27/22 02:24:39,2022-11-27 02:24:39,2
6035,0,2764807,11/27/22 02:38:54,2022-11-27 02:38:54,2
6044,0,2764816,11/27/22 02:47:54,2022-11-27 02:47:54,2
6049,0,2764821,11/27/22 02:57:46,2022-11-27 02:57:46,2
6053,0,2764825,11/27/22 03:12:19,2022-11-27 03:12:19,3
6066,0,2764838,11/27/22 03:40:29,2022-11-27 03:40:29,3
6067,0,2764839,11/27/22 03:40:48,2022-11-27 03:40:48,3
6070,0,2764842,11/27/22 03:42:53,2022-11-27 03:42:53,3
6093,0,2764865,11/27/22 04:26:43,2022-11-27 04:26:43,4
6100,0,2764872,11/27/22 04:33:32,2022-11-27 04:33:32,4
6106,0,2764878,11/27/22 04:46:37,2022-11-27 04:46:37,4
6130,0,2764902,11/27/22 05:45:44,2022-11-27 05:45:44,5
6141,0,2764913,11/27/22 06:07:40,2022-11-27 06:07:40,6
6202,0,2764974,11/27/22 08:12:02,2022-11-27 08:12:02,8
6221,0,2764993,11/27/22 08:53:23,2022-11-27 08:53:23,8
6223,0,2764995,11/27/22 08:53:48,2022-11-27 08:53:48,8
6248,0,2765020,11/27/22 09:33:49,2022-11-27 09:33:49,9
6273,0,2765045,11/27/22 10:05:42,2022-11-27 10:05:42,10
6287,0,2765059,11/27/22 10:28:32,2022-11-27 10:28:32,10
6309,0,2765081,11/27/22 11:12:20,2022-11-27 11:12:20,11
6314,0,2765086,11/27/22 11:16:27,2022-11-27 11:16:27,11
6331,0,2765103,11/27/22 12:01:04,2022-11-27 12:01:04,12
6349,0,2765121,11/27/22 12:39:17,2022-11-27 12:39:17,12
6395,0,2765167,11/27/22 14:31:16,2022-11-27 14:31:16,14
6492,0,2765264,11/27/22 18:20:22,2022-11-27 18:20:22,18
6522,0,2765294,11/27/22 19:24:51,2022-11-27 19:24:51,19
6528,0,2765300,11/27/22 19:31:50,2022-11-27 19:31:50,19
6572,0,2765344,11/27/22 21:20:13,2022-11-27 21:20:13,21
6602,0,2765374,11/27/22 22:14:33,2022-11-27 22:14:33,22
6615,0,2765387,11/27/22 22:32:02,2022-11-27 22:32:02,22
6638,0,2765410,11/27/22 23:18:42,2022-11-27 23:18:42,23
6645,0,2765417,11/27/22 23:32:24,2022-11-27 23:32:24,23
6650,0,2765422,11/27/22 23:45:37,2022-11-27 23:45:37,23
6662,0,2765434,11/28/22 00:13:56,2022-11-28 00:13:56,0
6669,0,2765441,11/28/22 00:29:30,2022-11-28 00:29:30,0
6678,0,2765450,11/28/22 00:41:44,2022-11-28 00:41:44,0
6725,0,2765497,11/28/22 01:56:26,2022-11-28 01:56:26,1
6729,0,2765501,11/28/22 02:01:57,2022-11-28 02:01:57,2
6753,0,2765525,11/28/22 02:54:31,2022-11-28 02:54:31,2
6781,0,2765553,11/28/22 03:29:47,2022-11-28 03:29:47,3
6785,0,2765557,11/28/22 03:33:07,2022-11-28 03:33:07,3
6798,0,2765570,11/28/22 04:01:45,2022-11-28 04:01:45,4
6815,0,2765587,11/28/22 04:27:16,2022-11-28 04:27:16,4
6827,0,2765599,11/28/22 04:49:26,2022-11-28 04:49:26,4
6860,0,2765632,11/28/22 06:12:31,2022-11-28 06:12:31,6
6885,0,2765657,11/28/22 06:51:43,2022-11-28 06:51:43,6
6906,0,2765678,11/28/22 07:29:39,2022-11-28 07:29:39,7
6909,0,2765681,11/28/22 07:31:05,2022-11-28 07:31:05,7
6913,0,2765685,11/28/22 07:38:02,2022-11-28 07:38:02,7
6919,0,2765691,11/28/22 07:56:37,2022-11-28 07:56:37,7
6920,0,2765692,11/28/22 07:56:39,2022-11-28 07:56:39,7
7018,0,2765790,11/28/22 10:26:20,2022-11-28 10:26:20,10
7067,0,2765839,11/28/22 11:53:04,2022-11-28 11:53:04,11
7100,0,2765872,11/28/22 13:09:19,2022-11-28 13:09:19,13
7103,0,2765875,11/28/22 13:15:03,2022-11-28 13:15:03,13
7105,0,2765877,11/28/22 13:16:34,2022-11-28 13:16:34,13
7106,0,2765878,11/28/22 13:16:49,2022-11-28 13:16:49,13
7211,0,2765983,11/28/22 16:55:42,2022-11-28 16:55:42,16
7238,0,2766010,11/28/22 17:53:40,2022-11-28 17:53:40,17
7241,0,2766013,11/28/22 18:01:44,2022-11-28 18:01:44,18
7296,0,2766068,11/28/22 20:24:07,2022-11-28 20:24:07,20
7315,0,2766087,11/28/22 20:55:24,2022-11-28 20:55:24,20
7320,0,2766092,11/28/22 21:06:57,2022-11-28 21:06:57,21
7324,0,2766096,11/28/22 21:13:05,2022-11-28 21:13:05,21
7343,0,2766115,11/28/22 21:50:36,2022-11-28 21:50:36,21
7358,0,2766130,11/28/22 22:14:05,2022-11-28 22:14:05,22
7366,0,2766138,11/28/22 22:32:32,2022-11-28 22:32:32,22
7375,0,2766147,11/28/22 22:49:39,2022-11-28 22:49:39,22
7376,0,2766148,11/28/22 22:49:56,2022-11-28 22:49:56,22
7434,0,2766206,11/29/22 00:46:26,2022-11-29 00:46:26,0
7437,0,2766209,11/29/22 00:48:31,2022-11-29 00:48:31,0
7462,0,2766234,11/29/22 01:46:25,2022-11-29 01:46:25,1
7463,0,2766235,11/29/22 01:46:33,2022-11-29 01:46:33,1
7468,0,2766240,11/29/22 01:49:30,2022-11-29 01:49:30,1
7471,0,2766243,11/29/22 01:52:44,2022-11-29 01:52:44,1
7507,0,2766279,11/29/22 02:35:43,2022-11-29 02:35:43,2
7509,0,2766281,11/29/22 02:40:21,2022-11-29 02:40:21,2
7519,0,2766291,11/29/22 03:01:51,2022-11-29 03:01:51,3
7527,0,2766299,11/29/22 03:11:20,2022-11-29 03:11:20,3
7543,0,2766315,11/29/22 03:47:02,2022-11-29 03:47:02,3
7571,0,2766343,11/29/22 04:48:46,2022-11-29 04:48:46,4
7572,0,2766344,11/29/22 04:48:48,2022-11-29 04:48:48,4
7615,0,2766387,11/29/22 06:33:26,2022-11-29 06:33:26,6
7626,0,2766398,11/29/22 06:55:14,2022-11-29 06:55:14,6
7634,0,2766406,11/29/22 07:12:05,2022-11-29 07:12:05,7
7719,0,2766491,11/29/22 09:43:06,2022-11-29 09:43:06,9
7723,0,2766495,11/29/22 09:45:45,2022-11-29 09:45:45,9
7732,0,2766504,11/29/22 10:00:01,2022-11-29 10:00:01,10
7757,0,2766529,11/29/22 10:42:40,2022-11-29 10:42:40,10
7820,0,2766592,11/29/22 12:27:23,2022-11-29 12:27:23,12
7845,0,2766617,11/29/22 13:08:40,2022-11-29 13:08:40,13
7869,0,2766641,11/29/22 13:49:54,2022-11-29 13:49:54,13
7933,0,2766705,11/29/22 16:52:02,2022-11-29 16:52:02,16
7992,0,2766764,11/29/22 19:22:48,2022-11-29 19:22:48,19
7997,0,2766769,11/29/22 19:33:20,2022-11-29 19:33:20,19
8001,0,2766773,11/29/22 19:39:15,2022-11-29 19:39:15,19
8010,0,2766782,11/29/22 20:03:41,2022-11-29 20:03:41,20
8053,0,2766825,11/29/22 21:20:49,2022-11-29 21:20:49,21
8148,0,2766920,11/30/22 01:12:45,2022-11-30 01:12:45,1
8195,0,2766967,11/30/22 03:04:32,2022-11-30 03:04:32,3
8197,0,2766969,11/30/22 03:07:11,2022-11-30 03:07:11,3
8199,0,2766971,11/30/22 03:08:21,2022-11-30 03:08:21,3
8202,0,2766974,11/30/22 03:14:02,2022-11-30 03:14:02,3
8223,0,2766995,11/30/22 03:52:43,2022-11-30 03:52:43,3
8322,0,2767094,11/30/22 07:09:55,2022-11-30 07:09:55,7
8356,0,2767128,11/30/22 08:11:47,2022-11-30 08:11:47,8
8372,0,2767144,11/30/22 08:40:53,2022-11-30 08:40:53,8
8395,0,2767167,11/30/22 09:22:44,2022-11-30 09:22:44,9
8426,0,2767198,11/30/22 10:25:39,2022-11-30 10:25:39,10
8432,0,2767204,11/30/22 10:34:15,2022-11-30 10:34:15,10
8441,0,2767213,11/30/22 10:53:01,2022-11-30 10:53:01,10
8448,0,2767220,11/30/22 11:02:27,2022-11-30 11:02:27,11
8450,0,2767222,11/30/22 11:06:08,2022-11-30 11:06:08,11
8464,0,2767236,11/30/22 11:32:34,2022-11-30 11:32:34,11
8530,0,2767302,11/30/22 13:41:19,2022-11-30 13:41:19,13
8543,0,2767315,11/30/22 14:06:09,2022-11-30 14:06:09,14
8550,0,2767322,11/30/22 14:17:14,2022-11-30 14:17:14,14
8637,0,2767409,11/30/22 17:20:16,2022-11-30 17:20:16,17
8651,0,2767423,11/30/22 17:47:55,2022-11-30 17:47:55,17
8667,0,2767439,11/30/22 18:23:27,2022-11-30 18:23:27,18
8671,0,2767443,11/30/22 18:27:27,2022-11-30 18:27:27,18
8673,0,2767445,11/30/22 18:28:38,2022-11-30 18:28:38,18
8695,0,2767467,11/30/22 19:09:04,2022-11-30 19:09:04,19
8698,0,2767470,11/30/22 19:13:07,2022-11-30 19:13:07,19
8708,0,2767480,11/30/22 19:32:43,2022-11-30 19:32:43,19
8716,0,2767488,11/30/22 19:40:58,2022-11-30 19:40:58,19
8717,0,2767489,11/30/22 19:40:58,2022-11-30 19:40:58,19
8722,0,2767494,11/30/22 19:50:34,2022-11-30 19:50:34,19
8723,0,2767495,11/30/22 19:50:40,2022-11-30 19:50:40,19
8745,0,2767517,11/30/22 20:25:18,2022-11-30 20:25:18,20
8747,0,2767519,11/30/22 20:27:36,2022-11-30 20:27:36,20
8760,0,2767532,11/30/22 20:59:33,2022-11-30 20:59:33,20
8783,0,2767555,11/30/22 21:54:46,2022-11-30 21:54:46,21
8798,0,2767570,11/30/22 22:21:38,2022-11-30 22:21:38,22
8800,0,2767572,11/30/22 22:23:54,2022-11-30 22:23:54,22
8805,0,2767577,11/30/22 22:33:49,2022-11-30 22:33:49,22
8839,0,2767611,12/01/22 00:10:50,2022-12-01 00:10:50,0
8843,0,2767615,12/01/22 00:13:32,2022-12-01 00:13:32,0
8844,0,2767616,12/01/22 00:13:34,2022-12-01 00:13:34,0
8847,0,2767619,12/01/22 00:25:29,2022-12-01 00:25:29,0
8854,0,2767626,12/01/22 00:40:01,2022-12-01 00:40:01,0
8861,0,2767633,12/01/22 00:59:27,2022-12-01 00:59:27,0
8863,0,2767635,12/01/22 01:00:08,2022-12-01 01:00:08,1
8890,0,2767662,12/01/22 01:49:32,2022-12-01 01:49:32,1
8930,0,2767702,12/01/22 02:55:26,2022-12-01 02:55:26,2
8931,0,2767703,12/01/22 02:55:31,2022-12-01 02:55:31,2
8950,0,2767722,12/01/22 03:29:20,2022-12-01 03:29:20,3
8962,0,2767734,12/01/22 03:45:26,2022-12-01 03:45:26,3
8971,0,2767743,12/01/22 04:05:17,2022-12-01 04:05:17,4
8984,0,2767756,12/01/22 04:36:11,2022-12-01 04:36:11,4
8986,0,2767758,12/01/22 04:38:00,2022-12-01 04:38:00,4
9007,0,2767779,12/01/22 05:44:43,2022-12-01 05:44:43,5
9008,0,2767780,12/01/22 05:48:12,2022-12-01 05:48:12,5
9014,0,2767786,12/01/22 05:57:00,2022-12-01 05:57:00,5
9029,0,2767801,12/01/22 06:18:52,2022-12-01 06:18:52,6
9038,0,2767810,12/01/22 06:41:17,2022-12-01 06:41:17,6
9082,0,2767854,12/01/22 08:24:32,2022-12-01 08:24:32,8
9103,0,2767875,12/01/22 09:06:48,2022-12-01 09:06:48,9
9126,0,2767898,12/01/22 09:56:05,2022-12-01 09:56:05,9
9137,0,2767909,12/01/22 10:05:29,2022-12-01 10:05:29,10
9139,0,2767911,12/01/22 10:05:45,2022-12-01 10:05:45,10
9171,0,2767943,12/01/22 11:22:08,2022-12-01 11:22:08,11
9195,0,2767967,12/01/22 12:10:29,2022-12-01 12:10:29,12
9229,0,2768001,12/01/22 13:17:28,2022-12-01 13:17:28,13
9243,0,2768015,12/01/22 13:44:23,2022-12-01 13:44:23,13
9298,0,2768070,12/01/22 15:12:22,2022-12-01 15:12:22,15
9324,0,2768096,12/01/22 16:12:51,2022-12-01 16:12:51,16
9345,0,2768117,12/01/22 17:09:50,2022-12-01 17:09:50,17
9374,0,2768146,12/01/22 18:23:57,2022-12-01 18:23:57,18
9391,0,2768163,12/01/22 19:15:13,2022-12-01 19:15:13,19
9445,0,2768217,12/01/22 21:14:19,2022-12-01 21:14:19,21
9458,0,2768230,12/01/22 21:43:25,2022-12-01 21:43:25,21
9459,0,2768231,12/01/22 21:43:43,2022-12-01 21:43:43,21
9516,0,2768288,12/01/22 23:54:42,2022-12-01 23:54:42,23
9520,0,2768292,12/01/22 23:59:02,2022-12-01 23:59:02,23
9531,0,2768303,12/02/22 00:21:50,2022-12-02 00:21:50,0
9550,0,2768322,12/02/22 00:57:20,2022-12-02 00:57:20,0
9589,0,2768361,12/02/22 02:29:00,2022-12-02 02:29:00,2
9607,0,2768379,12/02/22 03:06:27,2022-12-02 03:06:27,3
9621,0,2768393,12/02/22 03:29:10,2022-12-02 03:29:10,3
9627,0,2768399,12/02/22 03:35:41,2022-12-02 03:35:41,3
9631,0,2768403,12/02/22 03:54:09,2022-12-02 03:54:09,3
9650,0,2768422,12/02/22 04:34:16,2022-12-02 04:34:16,4
9652,0,2768424,12/02/22 04:35:40,2022-12-02 04:35:40,4
9663,0,2768435,12/02/22 04:51:54,2022-12-02 04:51:54,4
9674,0,2768446,12/02/22 05:13:13,2022-12-02 05:13:13,5
9679,0,2768451,12/02/22 05:20:52,2022-12-02 05:20:52,5
9683,0,2768455,12/02/22 05:29:39,2022-12-02 05:29:39,5
9737,0,2768509,12/02/22 06:58:26,2022-12-02 06:58:26,6
9738,0,2768510,12/02/22 06:58:28,2022-12-02 06:58:28,6
9763,0,2768535,12/02/22 07:55:46,2022-12-02 07:55:46,7
9765,0,2768537,12/02/22 07:58:18,2022-12-02 07:58:18,7
9792,0,2768564,12/02/22 08:36:51,2022-12-02 08:36:51,8
9833,0,2768605,12/02/22 09:46:40,2022-12-02 09:46:40,9
9844,0,2768616,12/02/22 10:05:44,2022-12-02 10:05:44,10
9860,0,2768632,12/02/22 10:53:13,2022-12-02 10:53:13,10
9866,0,2768638,12/02/22 11:01:45,2022-12-02 11:01:45,11
9874,0,2768646,12/02/22 11:11:17,2022-12-02 11:11:17,11
9894,0,2768666,12/02/22 11:43:29,2022-12-02 11:43:29,11
9901,0,2768673,12/02/22 11:51:23,2022-12-02 11:51:23,11
9973,0,2768745,12/02/22 14:25:14,2022-12-02 14:25:14,14
10026,0,2768798,12/02/22 15:50:43,2022-12-02 15:50:43,15
10027,0,2768799,12/02/22 15:50:50,2022-12-02 15:50:50,15
10046,0,2768818,12/02/22 16:37:43,2022-12-02 16:37:43,16
10058,0,2768830,12/02/22 16:56:20,2022-12-02 16:56:20,16
10082,0,2768854,12/02/22 17:42:04,2022-12-02 17:42:04,17
10117,0,2768889,12/02/22 18:57:48,2022-12-02 18:57:48,18
10118,0,2768890,12/02/22 18:57:50,2022-12-02 18:57:50,18
10155,0,2768927,12/02/22 20:06:55,2022-12-02 20:06:55,20
10294,0,2769066,12/03/22 00:54:38,2022-12-03 00:54:38,0
10296,0,2769068,12/03/22 01:01:24,2022-12-03 01:01:24,1
10402,0,2769174,12/03/22 04:48:39,2022-12-03 04:48:39,4
10451,0,2769223,12/03/22 06:41:32,2022-12-03 06:41:32,6
10460,0,2769232,12/03/22 06:55:25,2022-12-03 06:55:25,6
10497,0,2769269,12/03/22 08:24:21,2022-12-03 08:24:21,8
10509,0,2769281,12/03/22 08:35:50,2022-12-03 08:35:50,8
10533,0,2769305,12/03/22 09:11:09,2022-12-03 09:11:09,9
10557,0,2769329,12/03/22 10:09:58,2022-12-03 10:09:58,10
10674,0,2769446,12/03/22 13:32:31,2022-12-03 13:32:31,13
10689,0,2769461,12/03/22 13:53:49,2022-12-03 13:53:49,13
10712,0,2769484,12/03/22 14:36:44,2022-12-03 14:36:44,14
10720,0,2769492,12/03/22 14:57:01,2022-12-03 14:57:01,14
10877,0,2769649,12/03/22 20:53:08,2022-12-03 20:53:08,20
10893,0,2769665,12/03/22 21:14:19,2022-12-03 21:14:19,21
10929,0,2769701,12/03/22 22:08:35,2022-12-03 22:08:35,22
10995,0,2769767,12/04/22 00:14:44,2022-12-04 00:14:44,0
10998,0,2769770,12/04/22 00:23:01,2022-12-04 00:23:01,0
11032,0,2769804,12/04/22 01:28:43,2022-12-04 01:28:43,1
11063,0,2769835,12/04/22 02:24:28,2022-12-04 02:24:28,2
11080,0,2769852,12/04/22 02:49:51,2022-12-04 02:49:51,2
11098,0,2769870,12/04/22 03:31:47,2022-12-04 03:31:47,3
11102,0,2769874,12/04/22 03:34:39,2022-12-04 03:34:39,3
11157,0,2769929,12/04/22 04:58:36,2022-12-04 04:58:36,4
11181,0,2769953,12/04/22 05:52:34,2022-12-04 05:52:34,5
11216,0,2769988,12/04/22 06:56:43,2022-12-04 06:56:43,6
11238,0,2770010,12/04/22 07:35:20,2022-12-04 07:35:20,7
11292,0,2770064,12/04/22 09:32:54,2022-12-04 09:32:54,9
11308,0,2770080,12/04/22 09:55:21,2022-12-04 09:55:21,9
11330,0,2770102,12/04/22 10:26:55,2022-12-04 10:26:55,10
11359,0,2770131,12/04/22 11:28:33,2022-12-04 11:28:33,11
11455,0,2770227,12/04/22 14:44:36,2022-12-04 14:44:36,14
11497,0,2770269,12/04/22 16:24:59,2022-12-04 16:24:59,16
11567,0,2770339,12/04/22 19:18:53,2022-12-04 19:18:53,19
11584,0,2770356,12/04/22 19:57:43,2022-12-04 19:57:43,19
11717,0,2770489,12/05/22 00:53:13,2022-12-05 00:53:13,0
11735,0,2770507,12/05/22 01:15:07,2022-12-05 01:15:07,1
11777,0,2770549,12/05/22 02:32:39,2022-12-05 02:32:39,2
11789,0,2770561,12/05/22 02:55:56,2022-12-05 02:55:56,2
11831,0,2770603,12/05/22 04:22:29,2022-12-05 04:22:29,4
11844,0,2770616,12/05/22 04:37:18,2022-12-05 04:37:18,4
11848,0,2770620,12/05/22 04:50:07,2022-12-05 04:50:07,4
11931,0,2770703,12/05/22 07:39:41,2022-12-05 07:39:41,7
11991,0,2770763,12/05/22 10:26:30,2022-12-05 10:26:30,10
12076,0,2770848,12/05/22 12:49:37,2022-12-05 12:49:37,12
12177,0,2770949,12/05/22 16:09:28,2022-12-05 16:09:28,16
12213,0,2770985,12/05/22 17:02:36,2022-12-05 17:02:36,17
12255,0,2771027,12/05/22 18:23:17,2022-12-05 18:23:17,18
12309,0,2771081,12/05/22 20:04:21,2022-12-05 20:04:21,20
12314,0,2771086,12/05/22 20:12:24,2022-12-05 20:12:24,20
12358,0,2771130,12/05/22 21:51:39,2022-12-05 21:51:39,21
12359,0,2771131,12/05/22 21:51:40,2022-12-05 21:51:40,21
12383,0,2771155,12/05/22 22:29:19,2022-12-05 22:29:19,22
12416,0,2771188,12/05/22 23:30:00,2022-12-05 23:30:00,23
12450,0,2771222,12/06/22 00:20:59,2022-12-06 00:20:59,0
12464,0,2771236,12/06/22 00:39:56,2022-12-06 00:39:56,0
12477,0,2771249,12/06/22 00:54:28,2022-12-06 00:54:28,0
12575,0,2771347,12/06/22 04:24:43,2022-12-06 04:24:43,4
12632,0,2771404,12/06/22 06:16:30,2022-12-06 06:16:30,6
12633,0,2771405,12/06/22 06:16:35,2022-12-06 06:16:35,6
12663,0,2771435,12/06/22 07:06:06,2022-12-06 07:06:06,7
12885,0,2771657,12/06/22 14:56:18,2022-12-06 14:56:18,14
12991,0,2771763,12/06/22 18:19:59,2022-12-06 18:19:59,18
13027,0,2771799,12/06/22 19:44:58,2022-12-06 19:44:58,19
13033,0,2771805,12/06/22 20:02:41,2022-12-06 20:02:41,20
13072,0,2771844,12/06/22 22:04:18,2022-12-06 22:04:18,22
13139,0,2771911,12/07/22 01:16:10,2022-12-07 01:16:10,1
13217,0,2771989,12/07/22 04:38:37,2022-12-07 04:38:37,4
13230,0,2772002,12/07/22 05:19:53,2022-12-07 05:19:53,5
13360,0,2772132,12/07/22 09:40:50,2022-12-07 09:40:50,9
13418,0,2772190,12/07/22 11:52:02,2022-12-07 11:52:02,11
13419,0,2772191,12/07/22 11:52:05,2022-12-07 11:52:05,11
13448,0,2772220,12/07/22 13:01:04,2022-12-07 13:01:04,13
13496,0,2772268,12/07/22 14:21:23,2022-12-07 14:21:23,14
13553,0,2772325,12/07/22 16:15:00,2022-12-07 16:15:00,16
13556,0,2772328,12/07/22 16:18:18,2022-12-07 16:18:18,16
13610,0,2772382,12/07/22 17:47:38,2022-12-07 17:47:38,17
13643,0,2772415,12/07/22 18:56:21,2022-12-07 18:56:21,18
13644,0,2772416,12/07/22 18:56:25,2022-12-07 18:56:25,18
13677,0,2772449,12/07/22 20:11:50,2022-12-07 20:11:50,20
13697,0,2772469,12/07/22 20:37:07,2022-12-07 20:37:07,20
13762,0,2772534,12/07/22 22:21:27,2022-12-07 22:21:27,22
13769,0,2772541,12/07/22 22:30:43,2022-12-07 22:30:43,22
13776,0,2772548,12/07/22 22:43:29,2022-12-07 22:43:29,22
13818,0,2772590,12/07/22 23:56:02,2022-12-07 23:56:02,23
13833,0,2772605,12/08/22 00:26:05,2022-12-08 00:26:05,0
13858,0,2772630,12/08/22 01:40:04,2022-12-08 01:40:04,1
13893,0,2772665,12/08/22 02:29:05,2022-12-08 02:29:05,2
13956,0,2772728,12/08/22 04:05:48,2022-12-08 04:05:48,4
13970,0,2772742,12/08/22 04:32:56,2022-12-08 04:32:56,4
13983,0,2772755,12/08/22 04:51:24,2022-12-08 04:51:24,4
13993,0,2772765,12/08/22 05:16:06,2022-12-08 05:16:06,5
14035,0,2772807,12/08/22 06:31:47,2022-12-08 06:31:47,6
14066,0,2772838,12/08/22 07:27:44,2022-12-08 07:27:44,7
14073,0,2772845,12/08/22 07:33:30,2022-12-08 07:33:30,7
14104,0,2772876,12/08/22 08:27:35,2022-12-08 08:27:35,8
14122,0,2772894,12/08/22 09:09:43,2022-12-08 09:09:43,9
14189,0,2772961,12/08/22 10:59:52,2022-12-08 10:59:52,10
14252,0,2773024,12/08/22 13:20:49,2022-12-08 13:20:49,13
14283,0,2773055,12/08/22 14:46:50,2022-12-08 14:46:50,14
14337,0,2773109,12/08/22 16:58:33,2022-12-08 16:58:33,16
14338,0,2773110,12/08/22 16:58:36,2022-12-08 16:58:36,16
14400,0,2773172,12/08/22 19:49:00,2022-12-08 19:49:00,19
14421,0,2773193,12/08/22 20:44:30,2022-12-08 20:44:30,20
14422,0,2773194,12/08/22 20:44:37,2022-12-08 20:44:37,20
14451,0,2773223,12/08/22 21:28:02,2022-12-08 21:28:02,21
14472,0,2773244,12/08/22 22:04:57,2022-12-08 22:04:57,22
14482,0,2773254,12/08/22 22:27:18,2022-12-08 22:27:18,22
14521,0,2773293,12/08/22 23:33:34,2022-12-08 23:33:34,23
14528,0,2773300,12/08/22 23:41:58,2022-12-08 23:41:58,23
14672,0,2773444,12/09/22 04:33:13,2022-12-09 04:33:13,4
14682,0,2773454,12/09/22 04:39:34,2022-12-09 04:39:34,4
14687,0,2773459,12/09/22 04:49:51,2022-12-09 04:49:51,4
14720,0,2773492,12/09/22 05:48:07,2022-12-09 05:48:07,5
14728,0,2773500,12/09/22 05:56:01,2022-12-09 05:56:01,5
14759,0,2773531,12/09/22 06:46:05,2022-12-09 06:46:05,6
14767,0,2773539,12/09/22 06:58:20,2022-12-09 06:58:20,6
14792,0,2773564,12/09/22 07:49:29,2022-12-09 07:49:29,7
14872,0,2773644,12/09/22 10:35:55,2022-12-09 10:35:55,10
14938,0,2773710,12/09/22 12:44:40,2022-12-09 12:44:40,12
14971,0,2773743,12/09/22 13:49:17,2022-12-09 13:49:17,13
15122,0,2773894,12/09/22 19:51:36,2022-12-09 19:51:36,19
15159,0,2773931,12/09/22 21:02:22,2022-12-09 21:02:22,21
15160,0,2773932,12/09/22 21:02:32,2022-12-09 21:02:32,21
15198,0,2773970,12/09/22 22:15:34,2022-12-09 22:15:34,22
15224,0,2773996,12/09/22 22:55:56,2022-12-09 22:55:56,22
15250,0,2774022,12/09/22 23:52:26,2022-12-09 23:52:26,23
15271,0,2774043,12/10/22 00:44:41,2022-12-10 00:44:41,0
15353,0,2774125,12/10/22 03:00:21,2022-12-10 03:00:21,3
15422,0,2774194,12/10/22 05:20:57,2022-12-10 05:20:57,5
15453,0,2774225,12/10/22 06:23:15,2022-12-10 06:23:15,6
15455,0,2774227,12/10/22 06:25:53,2022-12-10 06:25:53,6
15467,0,2774239,12/10/22 06:44:26,2022-12-10 06:44:26,6
15478,0,2774250,12/10/22 07:03:40,2022-12-10 07:03:40,7
15515,0,2774287,12/10/22 07:53:52,2022-12-10 07:53:52,7
15568,0,2774340,12/10/22 09:40:31,2022-12-10 09:40:31,9
15573,0,2774345,12/10/22 09:42:44,2022-12-10 09:42:44,9
15659,0,2774431,12/10/22 12:02:34,2022-12-10 12:02:34,12
15696,0,2774468,12/10/22 12:43:54,2022-12-10 12:43:54,12
15731,0,2774503,12/10/22 13:38:39,2022-12-10 13:38:39,13
15736,0,2774508,12/10/22 13:49:36,2022-12-10 13:49:36,13
15746,0,2774518,12/10/22 13:59:22,2022-12-10 13:59:22,13
15877,0,2774649,12/10/22 18:58:43,2022-12-10 18:58:43,18
15884,0,2774656,12/10/22 19:12:27,2022-12-10 19:12:27,19
15933,0,2774705,12/10/22 20:31:45,2022-12-10 20:31:45,20
15934,0,2774706,12/10/22 20:31:52,2022-12-10 20:31:52,20
15987,0,2774759,12/10/22 21:43:41,2022-12-10 21:43:41,21
16021,0,2774793,12/10/22 22:47:58,2022-12-10 22:47:58,22
16022,0,2774794,12/10/22 22:48:01,2022-12-10 22:48:01,22
16073,0,2774845,12/11/22 00:35:12,2022-12-11 00:35:12,0
16080,0,2774852,12/11/22 00:40:30,2022-12-11 00:40:30,0
16127,0,2774899,12/11/22 02:52:55,2022-12-11 02:52:55,2
16130,0,2774902,12/11/22 03:00:48,2022-12-11 03:00:48,3
16151,0,2774923,12/11/22 03:48:05,2022-12-11 03:48:05,3
16175,0,2774947,12/11/22 04:51:05,2022-12-11 04:51:05,4
16178,0,2774950,12/11/22 04:52:19,2022-12-11 04:52:19,4
16206,0,2774978,12/11/22 05:39:38,2022-12-11 05:39:38,5
16220,0,2774992,12/11/22 06:11:22,2022-12-11 06:11:22,6
16239,0,2775011,12/11/22 06:38:06,2022-12-11 06:38:06,6
16268,0,2775040,12/11/22 07:35:32,2022-12-11 07:35:32,7
16270,0,2775042,12/11/22 07:35:50,2022-12-11 07:35:50,7
16325,0,2775097,12/11/22 09:42:21,2022-12-11 09:42:21,9
16345,0,2775117,12/11/22 10:26:16,2022-12-11 10:26:16,10
16359,0,2775131,12/11/22 10:54:35,2022-12-11 10:54:35,10
16469,0,2775241,12/11/22 14:36:28,2022-12-11 14:36:28,14
16637,0,2775409,12/11/22 20:45:24,2022-12-11 20:45:24,20
16645,0,2775417,12/11/22 21:07:35,2022-12-11 21:07:35,21
16650,0,2775422,12/11/22 21:25:05,2022-12-11 21:25:05,21
16675,0,2775447,12/11/22 22:08:04,2022-12-11 22:08:04,22
16697,0,2775469,12/11/22 23:01:50,2022-12-11 23:01:50,23
16770,0,2775542,12/12/22 01:40:37,2022-12-12 01:40:37,1
16771,0,2775543,12/12/22 01:40:39,2022-12-12 01:40:39,1
16811,0,2775583,12/12/22 03:12:35,2022-12-12 03:12:35,3
16865,0,2775637,12/12/22 05:36:36,2022-12-12 05:36:36,5
16959,0,2775731,12/12/22 08:44:57,2022-12-12 08:44:57,8
16970,0,2775742,12/12/22 09:14:38,2022-12-12 09:14:38,9
17101,0,2775873,12/12/22 13:41:15,2022-12-12 13:41:15,13
17231,0,2776003,12/12/22 18:05:24,2022-12-12 18:05:24,18
17270,0,2776042,12/12/22 19:21:12,2022-12-12 19:21:12,19
17279,0,2776051,12/12/22 19:36:06,2022-12-12 19:36:06,19
17284,0,2776056,12/12/22 19:51:49,2022-12-12 19:51:49,19
17285,0,2776057,12/12/22 19:51:55,2022-12-12 19:51:55,19
17318,0,2776090,12/12/22 20:58:49,2022-12-12 20:58:49,20
17329,0,2776101,12/12/22 21:19:07,2022-12-12 21:19:07,21
17330,0,2776102,12/12/22 21:19:18,2022-12-12 21:19:18,21
17333,0,2776105,12/12/22 21:21:11,2022-12-12 21:21:11,21
17342,0,2776114,12/12/22 21:34:57,2022-12-12 21:34:57,21
17348,0,2776120,12/12/22 21:42:48,2022-12-12 21:42:48,21
17353,0,2776125,12/12/22 21:51:56,2022-12-12 21:51:56,21
17354,0,2776126,12/12/22 21:52:03,2022-12-12 21:52:03,21
17362,0,2776134,12/12/22 22:12:26,2022-12-12 22:12:26,22
17369,0,2776141,12/12/22 22:23:49,2022-12-12 22:23:49,22
17381,0,2776153,12/12/22 22:42:00,2022-12-12 22:42:00,22
17385,0,2776157,12/12/22 22:54:03,2022-12-12 22:54:03,22
17399,0,2776171,12/12/22 23:26:05,2022-12-12 23:26:05,23
17400,0,2776172,12/12/22 23:26:06,2022-12-12 23:26:06,23
17411,0,2776183,12/12/22 23:36:23,2022-12-12 23:36:23,23
17442,0,2776214,12/13/22 00:24:52,2022-12-13 00:24:52,0
17463,0,2776235,12/13/22 00:58:17,2022-12-13 00:58:17,0
17476,0,2776248,12/13/22 01:18:03,2022-12-13 01:18:03,1
17534,0,2776306,12/13/22 03:41:55,2022-12-13 03:41:55,3
17548,0,2776320,12/13/22 04:12:25,2022-12-13 04:12:25,4
17624,0,2776396,12/13/22 06:18:15,2022-12-13 06:18:15,6
17632,0,2776404,12/13/22 06:30:04,2022-12-13 06:30:04,6
17636,0,2776408,12/13/22 06:30:54,2022-12-13 06:30:54,6
17643,0,2776415,12/13/22 06:58:04,2022-12-13 06:58:04,6
17655,0,2776427,12/13/22 07:30:19,2022-12-13 07:30:19,7
17681,0,2776453,12/13/22 08:05:20,2022-12-13 08:05:20,8
17683,0,2776455,12/13/22 08:07:33,2022-12-13 08:07:33,8
17783,0,2776555,12/13/22 11:07:39,2022-12-13 11:07:39,11
17790,0,2776562,12/13/22 11:19:17,2022-12-13 11:19:17,11
17840,0,2776612,12/13/22 12:51:36,2022-12-13 12:51:36,12
17876,0,2776648,12/13/22 13:59:08,2022-12-13 13:59:08,13
17920,0,2776692,12/13/22 15:45:34,2022-12-13 15:45:34,15
17935,0,2776707,12/13/22 16:25:38,2022-12-13 16:25:38,16
17938,0,2776710,12/13/22 16:28:54,2022-12-13 16:28:54,16
17973,0,2776745,12/13/22 17:41:16,2022-12-13 17:41:16,17
17977,0,2776749,12/13/22 17:52:36,2022-12-13 17:52:36,17
18011,0,2776783,12/13/22 19:14:53,2022-12-13 19:14:53,19
18051,0,2776823,12/13/22 20:42:40,2022-12-13 20:42:40,20
18067,0,2776839,12/13/22 21:24:56,2022-12-13 21:24:56,21
18133,0,2776905,12/13/22 23:46:43,2022-12-13 23:46:43,23
18152,0,2776924,12/14/22 00:26:16,2022-12-14 00:26:16,0
18167,0,2776939,12/14/22 00:46:26,2022-12-14 00:46:26,0
18184,0,2776956,12/14/22 01:09:08,2022-12-14 01:09:08,1
18213,0,2776985,12/14/22 01:46:32,2022-12-14 01:46:32,1
18229,0,2777001,12/14/22 02:19:52,2022-12-14 02:19:52,2
18257,0,2777029,12/14/22 03:14:23,2022-12-14 03:14:23,3
18301,0,2777073,12/14/22 04:51:05,2022-12-14 04:51:05,4
18329,0,2777101,12/14/22 05:55:04,2022-12-14 05:55:04,5
18330,0,2777102,12/14/22 05:55:18,2022-12-14 05:55:18,5
18352,0,2777124,12/14/22 06:27:55,2022-12-14 06:27:55,6
18353,0,2777125,12/14/22 06:27:58,2022-12-14 06:27:58,6
18395,0,2777167,12/14/22 07:53:50,2022-12-14 07:53:50,7
18409,0,2777181,12/14/22 08:24:56,2022-12-14 08:24:56,8
18426,0,2777198,12/14/22 09:02:30,2022-12-14 09:02:30,9
18496,0,2777268,12/14/22 11:51:46,2022-12-14 11:51:46,11
18500,0,2777272,12/14/22 11:58:11,2022-12-14 11:58:11,11
18511,0,2777283,12/14/22 12:15:16,2022-12-14 12:15:16,12
18558,0,2777330,12/14/22 13:40:56,2022-12-14 13:40:56,13
18616,0,2777388,12/14/22 15:43:50,2022-12-14 15:43:50,15
18625,0,2777397,12/14/22 15:55:00,2022-12-14 15:55:00,15
18665,0,2777437,12/14/22 17:23:01,2022-12-14 17:23:01,17
18698,0,2777470,12/14/22 18:21:04,2022-12-14 18:21:04,18
18708,0,2777480,12/14/22 18:42:47,2022-12-14 18:42:47,18
18749,0,2777521,12/14/22 20:22:22,2022-12-14 20:22:22,20
18752,0,2777524,12/14/22 20:25:21,2022-12-14 20:25:21,20
18755,0,2777527,12/14/22 20:36:21,2022-12-14 20:36:21,20
18762,0,2777534,12/14/22 20:44:37,2022-12-14 20:44:37,20
18783,0,2777555,12/14/22 21:21:01,2022-12-14 21:21:01,21
18791,0,2777563,12/14/22 21:48:14,2022-12-14 21:48:14,21
18797,0,2777569,12/14/22 22:00:48,2022-12-14 22:00:48,22
18895,0,2777667,12/15/22 01:59:48,2022-12-15 01:59:48,1
18911,0,2777683,12/15/22 02:39:34,2022-12-15 02:39:34,2
18939,0,2777711,12/15/22 03:39:11,2022-12-15 03:39:11,3
18943,0,2777715,12/15/22 03:50:11,2022-12-15 03:50:11,3
18961,0,2777733,12/15/22 04:22:13,2022-12-15 04:22:13,4
18965,0,2777737,12/15/22 04:31:46,2022-12-15 04:31:46,4
19018,0,2777790,12/15/22 06:25:01,2022-12-15 06:25:01,6
19029,0,2777801,12/15/22 06:36:45,2022-12-15 06:36:45,6
19033,0,2777805,12/15/22 06:41:31,2022-12-15 06:41:31,6
19054,0,2777826,12/15/22 07:11:52,2022-12-15 07:11:52,7
19064,0,2777836,12/15/22 07:29:30,2022-12-15 07:29:30,7
19073,0,2777845,12/15/22 07:44:46,2022-12-15 07:44:46,7
19100,0,2777872,12/15/22 08:44:40,2022-12-15 08:44:40,8
19105,0,2777877,12/15/22 08:54:27,2022-12-15 08:54:27,8
19111,0,2777883,12/15/22 09:13:50,2022-12-15 09:13:50,9
19132,0,2777904,12/15/22 09:56:48,2022-12-15 09:56:48,9
19174,0,2777946,12/15/22 11:17:59,2022-12-15 11:17:59,11
19178,0,2777950,12/15/22 11:30:46,2022-12-15 11:30:46,11
19191,0,2777963,12/15/22 11:45:08,2022-12-15 11:45:08,11
19210,0,2777982,12/15/22 12:14:09,2022-12-15 12:14:09,12
19211,0,2777983,12/15/22 12:14:11,2022-12-15 12:14:11,12
19255,0,2778027,12/15/22 13:34:28,2022-12-15 13:34:28,13
19261,0,2778033,12/15/22 13:45:02,2022-12-15 13:45:02,13
19286,0,2778058,12/15/22 14:14:39,2022-12-15 14:14:39,14
19294,0,2778066,12/15/22 14:35:15,2022-12-15 14:35:15,14
19320,0,2778092,12/15/22 15:08:57,2022-12-15 15:08:57,15
19361,0,2778133,12/15/22 16:41:08,2022-12-15 16:41:08,16
19375,0,2778147,12/15/22 17:20:44,2022-12-15 17:20:44,17
19403,0,2778175,12/15/22 18:26:31,2022-12-15 18:26:31,18
19410,0,2778182,12/15/22 18:37:36,2022-12-15 18:37:36,18
19415,0,2778187,12/15/22 18:51:10,2022-12-15 18:51:10,18
19419,0,2778191,12/15/22 18:56:13,2022-12-15 18:56:13,18
19421,0,2778193,12/15/22 18:59:37,2022-12-15 18:59:37,18
19447,0,2778219,12/15/22 20:14:04,2022-12-15 20:14:04,20
19451,0,2778223,12/15/22 20:16:34,2022-12-15 20:16:34,20
19464,0,2778236,12/15/22 20:47:24,2022-12-15 20:47:24,20
19469,0,2778241,12/15/22 20:53:32,2022-12-15 20:53:32,20
19471,0,2778243,12/15/22 20:58:32,2022-12-15 20:58:32,20
19559,0,2778331,12/16/22 00:18:38,2022-12-16 00:18:38,0
19570,0,2778342,12/16/22 00:43:12,2022-12-16 00:43:12,0
19625,0,2778397,12/16/22 02:39:44,2022-12-16 02:39:44,2
19643,0,2778415,12/16/22 03:21:48,2022-12-16 03:21:48,3
19649,0,2778421,12/16/22 03:37:54,2022-12-16 03:37:54,3
19699,0,2778471,12/16/22 05:14:44,2022-12-16 05:14:44,5
19717,0,2778489,12/16/22 05:36:51,2022-12-16 05:36:51,5
19775,0,2778547,12/16/22 07:00:31,2022-12-16 07:00:31,7
19819,0,2778591,12/16/22 08:12:39,2022-12-16 08:12:39,8
19824,0,2778596,12/16/22 08:16:08,2022-12-16 08:16:08,8
19825,0,2778597,12/16/22 08:16:12,2022-12-16 08:16:12,8
19859,0,2778631,12/16/22 09:19:17,2022-12-16 09:19:17,9
19903,0,2778675,12/16/22 10:21:28,2022-12-16 10:21:28,10
19913,0,2778685,12/16/22 10:36:05,2022-12-16 10:36:05,10
19930,0,2778702,12/16/22 11:11:40,2022-12-16 11:11:40,11
19940,0,2778712,12/16/22 11:28:56,2022-12-16 11:28:56,11
19954,0,2778726,12/16/22 11:59:53,2022-12-16 11:59:53,11
19971,0,2778743,12/16/22 12:26:10,2022-12-16 12:26:10,12
20025,0,2778797,12/16/22 14:16:51,2022-12-16 14:16:51,14
20029,0,2778801,12/16/22 14:21:12,2022-12-16 14:21:12,14
20032,0,2778804,12/16/22 14:22:39,2022-12-16 14:22:39,14
20039,0,2778811,12/16/22 14:29:58,2022-12-16 14:29:58,14
20043,0,2778815,12/16/22 14:35:14,2022-12-16 14:35:14,14
20047,0,2778819,12/16/22 14:41:45,2022-12-16 14:41:45,14
20061,0,2778833,12/16/22 15:15:49,2022-12-16 15:15:49,15
20104,0,2778876,12/16/22 16:45:50,2022-12-16 16:45:50,16
20109,0,2778881,12/16/22 16:48:51,2022-12-16 16:48:51,16
20127,0,2778899,12/16/22 17:43:02,2022-12-16 17:43:02,17
20130,0,2778902,12/16/22 17:48:00,2022-12-16 17:48:00,17
20137,0,2778909,12/16/22 17:56:38,2022-12-16 17:56:38,17
20186,0,2778958,12/16/22 19:38:55,2022-12-16 19:38:55,19
20219,0,2778991,12/16/22 20:28:28,2022-12-16 20:28:28,20
20249,0,2779021,12/16/22 21:21:24,2022-12-16 21:21:24,21
20260,0,2779032,12/16/22 21:36:23,2022-12-16 21:36:23,21
20270,0,2779042,12/16/22 21:53:06,2022-12-16 21:53:06,21
20282,0,2779054,12/16/22 22:33:34,2022-12-16 22:33:34,22
20295,0,2779067,12/16/22 22:56:36,2022-12-16 22:56:36,22
20316,0,2779088,12/16/22 23:41:08,2022-12-16 23:41:08,23
20336,0,2779108,12/17/22 00:27:29,2022-12-17 00:27:29,0
20339,0,2779111,12/17/22 00:32:21,2022-12-17 00:32:21,0
20346,0,2779118,12/17/22 00:50:46,2022-12-17 00:50:46,0
20360,0,2779132,12/17/22 01:11:44,2022-12-17 01:11:44,1
20363,0,2779135,12/17/22 01:13:38,2022-12-17 01:13:38,1
20379,0,2779151,12/17/22 01:48:10,2022-12-17 01:48:10,1
20402,0,2779174,12/17/22 02:24:45,2022-12-17 02:24:45,2
20412,0,2779184,12/17/22 02:52:17,2022-12-17 02:52:17,2
20420,0,2779192,12/17/22 03:19:55,2022-12-17 03:19:55,3
20445,0,2779217,12/17/22 04:35:52,2022-12-17 04:35:52,4
20463,0,2779235,12/17/22 05:22:42,2022-12-17 05:22:42,5
20466,0,2779238,12/17/22 05:31:38,2022-12-17 05:31:38,5
20524,0,2779296,12/17/22 07:45:44,2022-12-17 07:45:44,7
20611,0,2779383,12/17/22 10:30:17,2022-12-17 10:30:17,10
20613,0,2779385,12/17/22 10:32:02,2022-12-17 10:32:02,10
20628,0,2779400,12/17/22 11:01:35,2022-12-17 11:01:35,11
20673,0,2779445,12/17/22 12:19:52,2022-12-17 12:19:52,12
20682,0,2779454,12/17/22 12:32:12,2022-12-17 12:32:12,12
20683,0,2779455,12/17/22 12:32:13,2022-12-17 12:32:13,12
20704,0,2779476,12/17/22 13:18:42,2022-12-17 13:18:42,13
20708,0,2779480,12/17/22 13:23:33,2022-12-17 13:23:33,13
20718,0,2779490,12/17/22 13:28:57,2022-12-17 13:28:57,13
20741,0,2779513,12/17/22 14:21:49,2022-12-17 14:21:49,14
20793,0,2779565,12/17/22 15:59:55,2022-12-17 15:59:55,15
20802,0,2779574,12/17/22 16:12:45,2022-12-17 16:12:45,16
20807,0,2779579,12/17/22 16:21:33,2022-12-17 16:21:33,16
20809,0,2779581,12/17/22 16:22:40,2022-12-17 16:22:40,16
20823,0,2779595,12/17/22 16:48:06,2022-12-17 16:48:06,16
20824,0,2779596,12/17/22 16:48:08,2022-12-17 16:48:08,16
20840,0,2779612,12/17/22 17:19:32,2022-12-17 17:19:32,17
20856,0,2779628,12/17/22 17:48:19,2022-12-17 17:48:19,17
20872,0,2779644,12/17/22 18:15:32,2022-12-17 18:15:32,18
20900,0,2779672,12/17/22 19:16:42,2022-12-17 19:16:42,19
20926,0,2779698,12/17/22 19:59:29,2022-12-17 19:59:29,19
20962,0,2779734,12/17/22 21:13:22,2022-12-17 21:13:22,21
20963,0,2779735,12/17/22 21:13:35,2022-12-17 21:13:35,21
20979,0,2779751,12/17/22 22:07:12,2022-12-17 22:07:12,22
20980,0,2779752,12/17/22 22:07:20,2022-12-17 22:07:20,22
20987,0,2779759,12/17/22 22:19:54,2022-12-17 22:19:54,22
20993,0,2779765,12/17/22 22:41:59,2022-12-17 22:41:59,22
20994,0,2779766,12/17/22 22:42:09,2022-12-17 22:42:09,22
21003,0,2779775,12/17/22 22:58:11,2022-12-17 22:58:11,22
21004,0,2779776,12/17/22 22:58:16,2022-12-17 22:58:16,22
21008,0,2779780,12/17/22 23:07:36,2022-12-17 23:07:36,23
21037,0,2779809,12/18/22 00:03:19,2022-12-18 00:03:19,0
21046,0,2779818,12/18/22 00:22:27,2022-12-18 00:22:27,0
21060,0,2779832,12/18/22 00:38:31,2022-12-18 00:38:31,0
21064,0,2779836,12/18/22 00:39:47,2022-12-18 00:39:47,0
21071,0,2779843,12/18/22 00:51:40,2022-12-18 00:51:40,0
21093,0,2779865,12/18/22 01:43:23,2022-12-18 01:43:23,1
21133,0,2779905,12/18/22 02:54:53,2022-12-18 02:54:53,2
21134,0,2779906,12/18/22 02:54:59,2022-12-18 02:54:59,2
21154,0,2779926,12/18/22 03:28:03,2022-12-18 03:28:03,3
21158,0,2779930,12/18/22 03:37:00,2022-12-18 03:37:00,3
21178,0,2779950,12/18/22 04:28:53,2022-12-18 04:28:53,4
21195,0,2779967,12/18/22 04:59:35,2022-12-18 04:59:35,4
21201,0,2779973,12/18/22 05:17:33,2022-12-18 05:17:33,5
21209,0,2779981,12/18/22 05:49:30,2022-12-18 05:49:30,5
21284,0,2780056,12/18/22 08:39:16,2022-12-18 08:39:16,8
21377,0,2780149,12/18/22 11:48:36,2022-12-18 11:48:36,11
21395,0,2780167,12/18/22 12:14:00,2022-12-18 12:14:00,12
21411,0,2780183,12/18/22 12:40:59,2022-12-18 12:40:59,12
21420,0,2780192,12/18/22 13:09:40,2022-12-18 13:09:40,13
21436,0,2780208,12/18/22 13:40:50,2022-12-18 13:40:50,13
21521,0,2780293,12/18/22 16:32:39,2022-12-18 16:32:39,16
21571,0,2780343,12/18/22 18:21:47,2022-12-18 18:21:47,18
21582,0,2780354,12/18/22 18:40:46,2022-12-18 18:40:46,18
21583,0,2780355,12/18/22 18:40:59,2022-12-18 18:40:59,18
21648,0,2780420,12/18/22 20:58:42,2022-12-18 20:58:42,20
21658,0,2780430,12/18/22 21:19:58,2022-12-18 21:19:58,21
21664,0,2780436,12/18/22 21:33:23,2022-12-18 21:33:23,21
21685,0,2780457,12/18/22 22:21:24,2022-12-18 22:21:24,22
21694,0,2780466,12/18/22 22:31:09,2022-12-18 22:31:09,22
21710,0,2780482,12/18/22 23:00:54,2022-12-18 23:00:54,23
21733,0,2780505,12/18/22 23:41:35,2022-12-18 23:41:35,23
21761,0,2780533,12/19/22 00:45:37,2022-12-19 00:45:37,0
21778,0,2780550,12/19/22 01:10:03,2022-12-19 01:10:03,1
21795,0,2780567,12/19/22 01:51:03,2022-12-19 01:51:03,1
21799,0,2780571,12/19/22 01:54:20,2022-12-19 01:54:20,1
21808,0,2780580,12/19/22 02:23:32,2022-12-19 02:23:32,2
21817,0,2780589,12/19/22 02:46:51,2022-12-19 02:46:51,2
21819,0,2780591,12/19/22 02:48:26,2022-12-19 02:48:26,2
21828,0,2780600,12/19/22 03:11:48,2022-12-19 03:11:48,3
21957,0,2780729,12/19/22 07:11:00,2022-12-19 07:11:00,7
22004,0,2780776,12/19/22 08:46:56,2022-12-19 08:46:56,8
22012,0,2780784,12/19/22 09:01:36,2022-12-19 09:01:36,9
22013,0,2780785,12/19/22 09:01:39,2022-12-19 09:01:39,9
22066,0,2780838,12/19/22 10:39:09,2022-12-19 10:39:09,10
22102,0,2780874,12/19/22 11:45:34,2022-12-19 11:45:34,11
22105,0,2780877,12/19/22 11:51:43,2022-12-19 11:51:43,11
22156,0,2780928,12/19/22 13:55:47,2022-12-19 13:55:47,13
22187,0,2780959,12/19/22 14:51:26,2022-12-19 14:51:26,14
22239,0,2781011,12/19/22 17:03:08,2022-12-19 17:03:08,17
22291,0,2781063,12/19/22 19:00:47,2022-12-19 19:00:47,19
22305,0,2781077,12/19/22 19:40:34,2022-12-19 19:40:34,19
